animation,duration_s,channels,pose_valid,root_range_x,root_range_y,root_range_z
A_TPose,2.5,195,True,0.0,0.0,0.0
Crouch_Fwd_Loop,2.0,195,True,0.0,0.0,0.0
Crouch_Idle_Loop,2.9333,195,True,0.0,0.0,0.0
Dance_Loop,1.0,195,True,0.0,0.0,0.0
Death01,2.4,195,True,0.0,0.0,0.0
Driving_Loop,1.6667,195,True,0.0,0.0,0.0
Fixing_Kneeling,5.2,195,True,0.0,0.0,0.0
Hit_Chest,0.3333,195,True,0.0,0.0,0.0
Hit_Head,0.4333,195,True,0.0,0.0,0.0
Idle_Loop,2.5,195,True,0.0,0.0,0.0
Idle_Talking_Loop,2.9333,195,True,0.0,0.0,0.0
Idle_Torch_Loop,1.2667,195,True,0.0,0.0,0.0
Interact,2.0,195,True,0.0,0.0,0.0
Jog_Fwd_Loop,0.9333,195,True,0.0,0.0,0.0
Jump_Land,1.2667,195,True,0.0,0.0,0.0
Jump_Loop,2.5,195,True,0.0,0.0,0.0
Jump_Start,1.3333,195,True,0.0,0.0,0.0
PickUp_Table,0.8333,195,True,0.0,0.0,0.0
Pistol_Aim_Down,0.1667,195,True,0.0,0.0,0.0
Pistol_Aim_Neutral,0.1667,195,True,0.0,0.0,0.0
Pistol_Aim_Up,0.1667,195,True,0.0,0.0,0.0
Pistol_Idle_Loop,1.6667,195,True,0.0,0.0,0.0
Pistol_Reload,1.6667,195,True,0.0,0.0,0.0
Pistol_Shoot,0.6333,195,True,0.0,0.0,0.0
Punch_Cross,1.0,195,True,0.0,0.0,0.0
Punch_Jab,0.8667,195,True,0.0,0.0,0.0
Push_Loop,2.6667,195,True,0.0,0.0,0.0
Roll,1.4667,195,True,0.0,0.0,0.0
Sitting_Enter,1.3,195,True,0.0,0.0,0.0
Sitting_Exit,1.0333,195,True,0.0,0.0,0.0
Sitting_Idle_Loop,1.6667,195,True,0.0,0.0,0.0
Sitting_Talking_Loop,2.9333,195,True,0.0,0.0,0.0
Spell_Simple_Enter,0.5333,195,True,0.0,0.0,0.0
Spell_Simple_Exit,0.4333,195,True,0.0,0.0,0.0
Spell_Simple_Idle_Loop,2.1,195,True,0.0,0.0,0.0
Spell_Simple_Shoot,0.5,195,True,0.0,0.0,0.0
Sprint_Loop,0.6667,195,True,0.0,0.0,0.0
Swim_Fwd_Loop,1.3333,195,True,0.0,0.0,0.0
Swim_Idle_Loop,3.3333,195,True,0.0,0.0,0.0
Sword_Attack,1.5333,195,True,0.0,0.0,0.0
Sword_Idle,1.6667,195,True,0.0,0.0,0.0
Walk_Formal_Loop,1.3333,195,True,0.0,0.0,0.0
Walk_Loop,1.3333,195,True,0.0,0.0,0.0
